iso3,Country,year,pop_mln,Country Total Emissions 2020 (MT),Country Total Emissions 2020 (tonnes),Country PCC Emissions 2020 (tonnes),gdp_blnUSDMER,gdp_blnUSDPPP,fossil_CO2_MtCO2,LULUCF_MtCO2,NonCO2_MtCO2e,vol_rdxn_MtCO2,allocation_MtCO2,responsibility_MtCO2,a1_dom_rdxn_MtCO2,net_import_MtCO2,capacity_blnUSDMER,rci,pop_mln_above_dl,pop_mln_above_lux,lux_emiss_MtCO2,lux_emiss_applied_MtCO2,kyoto_gap_MtCO2,lon,lat
AFG,Afghanistan,2020,38.05494,35.15435148,35154351.48,0.923778923,24.34141731,52.56639631,7.808377028,0.42310001,27.34597445,0,34.87079923,27.86209879,0,7.734234863,0.153815434,2.50E-05,0.152195554,7.89E-09,7.26E-08,0,0,65.216,33.677
ALB,Albania,2020,2.942034,9.003023366,9003023.366,3.060135731,15.62208271,32.33566536,5.714210391,-0.246591988,3.288812975,0,8.031002915,40.86264686,0,2.046324707,6.025923425,8.57E-05,1.919841292,3.22E-05,0.000127411,0,0,20.068,41.143
DZA,Algeria,2020,43.333252,236.29636,236296360,5.453003158,206.9822693,340.8599887,157.0187645,-3.48420006,79.27759552,0,219.6631917,1163.194443,0,-8.427462891,56.43334469,0.001466418,17.36522889,0.001766284,0.017422078,0,0,2.632,28.163
AND,Andorra,2020,0.077184,0.486553649,486553.649,6.303814897,3.583351851,2.70394216,0.486553649,-0.03035,0,,0.112719003,10.75724453,0,0,2.816438973,3.30E-05,0.077000414,0.026635146,0.082375199,0,0,1.576,42.549
AGO,Angola,2020,32.827402,93.97593276,93975932.76,2.862728301,109.5002823,127.3707176,37.34813468,110.0200017,56.62779808,0,91.34920619,161.9316611,0,-0.40034848,11.10156485,0.000231578,3.411605011,0.000949436,0.00806595,0,0,17.544,-12.296
ATG,Antigua and Barbuda,2020,0.10511,0.738368936,738368.936,7.024725868,1.486580014,2.131160855,0.660766756,0.049995001,0.07760218,0,0.5496896,9.982743793,0,0.170586639,0.963340643,1.66E-05,0.087664591,0.002003334,0.017762159,0,0,-61.783,17.078
ARG,Argentina,2020,45.5104,389.3062605,389306260.5,8.554226298,495.1039734,779.3961741,207.1792692,103.1500022,182.1269913,0,313.4087244,4994.781735,0,-33.30484766,288.9900629,0.006691299,37.28908918,0.193867934,1.943912971,0,0,-65.167,-35.377
ARM,Armenia,2020,2.938679,9.746183117,9746183.117,3.316518448,13.01433849,21.0433908,5.505762736,-0.010799996,4.240420381,0,9.029180456,39.01605547,0,1.581699829,3.552084575,6.32E-05,0.976911472,0.000401751,0.003278449,0,0,44.563,40.534
AUS,Australia,2020,25.398178,556.6242511,556624251.1,21.91591267,1495.481567,1014.047439,421.6117249,6.19642516,135.0125262,0,329.8675392,11432.02996,0,-25.49988477,1214.63465,0.019991386,25.34763597,13.12232625,154.7805618,0,86.52502884,136.189,-24.973
AUT,Austria,2020,8.78221,82.04852565,82048525.65,9.342582977,450.8348083,355.3663857,66.51691882,-5.216241201,15.53160683,0,28.25598701,1925.5035,0,40.16013672,367.27519,0.004742472,8.780279695,3.80927334,15.5271964,0,13.37476471,14.912,47.683
AZE,Azerbaijan,2020,10.099743,66.00660197,66006601.97,6.535473424,60.57314301,92.3899709,34.84434827,-7.964999835,31.1622537,0,59.17778393,445.3939664,0,3.726694092,26.40485554,0.000602044,3.930466013,0.03850898,0.865516927,0,0,47.395,40.43
BHS,"Bahamas, The",2020,0.406839,3.380398472,3380398.472,8.308934178,8.473974228,10.07947594,2.946158131,2.732199947,0.434240341,0,2.252244888,57.15195696,0,1.638136963,6.015281312,9.95E-05,0.350374149,0.027618743,0.279377317,0,0,-78.014,24.628
BHR,Bahrain,2020,1.697765,40.28758375,40287583.75,23.72977635,34.32746124,40.29072967,34.68368753,-0.004575,5.603896221,0,32.27385518,593.7857675,0,-0.979885254,23.83174144,0.000706509,1.496551298,0.094620461,2.41056531,0,0,50.562,26.019
BGD,Bangladesh,2020,169.775312,196.3191134,196319113.4,1.156346651,220.2141113,485.5925224,99.86959267,25.10000054,96.44952075,0,195.6447102,20.37451153,0,21.59270117,4.983470686,5.95E-05,4.958268667,2.16E-08,9.70E-08,0,0,89.941,24.218
BRB,Barbados,2020,0.287568,1.513244074,1513244.074,5.262213021,4.792739391,5.59840288,1.312724183,0.032169999,0.200519891,0,0.98014083,25.76997992,0,0.552248108,2.966943115,4.70E-05,0.270438822,0.002637116,0.008723865,0,0,-59.559,13.153
BLR,Belarus,2020,9.415431,87.85372511,87853725.11,9.330823529,61.42608261,131.8957168,52.02905432,-33.93209108,35.82467079,0,76.25194102,900.3121798,0,-0.741020508,30.41045912,0.00102284,7.351581385,0.000761021,0.008680896,0,0,28.047,53.54
BEL,Belgium,2020,11.619972,117.1475673,117147567.3,10.08157053,548.8717651,420.5296174,99.16167132,-1.963509142,17.98589595,0,45.29770506,3122.533282,0,122.2653438,435.1569444,0.006334447,11.5946691,4.151843696,20.84652019,0,0,4.664,50.643
BLZ,Belize,2020,0.398007,1.058370461,1058370.461,2.659175494,1.720706463,2.5351449,0.511687323,4.203999837,0.546683138,0,0.966936611,5.485925075,0,0.145737686,0.401604177,8.06E-06,0.110339211,4.79E-05,0.00031864,0,0,-88.602,17.219
BEN,Benin,2020,12.122985,17.68493287,17684932.87,1.458793595,11.5331192,22.15982816,8.160752773,10.87000012,9.524180094,0,17.6631106,1.305586608,0,1.551290771,0.096224494,1.92E-06,0.089385626,2.70E-09,2.36E-08,0,0,2.469,10.541
BTN,Bhutan,2020,0.835245,2.929425369,2929425.369,3.507264777,3.245915174,7.429225117,1.353370289,0,1.57605508,0,2.738551727,8.441080006,0,0.400173279,1.141343938,1.68E-05,0.370848048,5.68E-05,0.000533603,0,0,90.429,27.415
BOL,Bolivia,2020,11.543982,101.1037448,101103744.8,8.75813431,31.21306038,68.60675923,21.23985386,92.06000137,79.86389097,0,94.63934144,550.4890979,0,-0.589779846,12.0298816,0.000569916,2.474332927,0.013553029,1.059779285,0,0,-64.671,-16.715
BIH,Bosnia and Herzegovina,2020,3.49821,31.26215132,31262151.32,8.936613674,20.97825813,35.36575684,22.34618028,0.179000001,8.915971041,0,28.58690093,199.067996,0,-15.82178711,7.871064997,0.000235856,1.923667075,0.000662641,0.009530401,0,0,17.786,44.169
BWA,Botswana,2020,2.415766,20.37299482,20372994.82,8.433347775,20.11136055,33.73961974,8.270212412,33.59999943,12.10278241,0,17.22477321,209.8750472,0,3.824203125,11.71641034,0.000277554,1.28498211,0.029822212,0.801091717,0,0,23.815,-22.182
BRA,Brazil,2020,213.86304,1105.067347,1105067347,5.167173099,2404.352295,2199.40271,469.743103,1198.902313,635.3242442,0,865.8443079,12605.09319,0,-14.98680371,1226.618096,0.021090446,84.64704886,6.065056067,93.50682712,0,0,-53.089,-10.772
BRN,Brunei,2020,0.444519,15.94860268,15948602.68,35.87833743,15.64788723,22.96428323,8.694338242,1.18930005,7.254264434,0,11.70059768,307.3139771,0,-0.708781189,13.38223728,0.000374514,0.438816327,0.088608392,2.808456404,0,0,114.591,4.468
BGR,Bulgaria,2020,6.940527,65.31654144,65316541.44,9.410890764,64.16756439,116.3850462,51.05230904,-8.005163272,14.2642324,0,55.0497119,703.5864528,0,2.185618896,36.28196951,0.000905147,6.064484377,0.00367432,0.032497295,0,0,25.231,42.761
BFA,Burkina Faso,2020,20.903346,37.38795499,37387954.99,1.788611019,15.90770435,33.6587368,3.89937079,10.33199994,33.4885842,0,37.12995613,25.22565585,0,3.140419189,0.152585705,2.27E-05,0.141571283,1.20E-08,1.82E-07,0,0,-1.74,12.278
BDI,Burundi,2020,11.939227,6.570121968,6570121.968,0.550297098,2.32187891,4.939871694,0.536820615,0.610000019,6.033301353,0,6.569895395,0.021794348,0,0.83934967,0.000170096,2.00E-08,0.000235054,3.32E-13,5.22E-12,0,0,29.887,-3.356
KHM,Cambodia,2020,16.715508,39.75887064,39758870.64,2.37856191,22.0893383,54.67374345,6.50378565,23.57000113,33.25508499,0,39.35580522,23.84419844,0,9.323007813,1.804516584,3.55E-05,1.212757378,3.36E-06,5.03E-05,0,0,104.564,12.714
CMR,Cameroon,2020,25.958184,33.93698311,33936983.11,1.307371236,42.0592041,75.02779066,11.62397178,112.0999997,22.31301133,0,33.15479158,48.94220513,0,3.583790527,3.233209497,6.90E-05,1.514101958,6.25E-05,0.000498185,0,0,12.277,5.133
CAN,Canada,2020,37.603204,737.2746111,737274611.1,19.60669658,1998.532715,1523.284847,577.7236277,-35.4436868,159.5509834,0,422.1033822,16481.65387,0,8.578166992,1628.649062,0.027786211,37.51032843,16.38544695,176.9244027,0,140.8689358,-109.433,59.081
CPV,Cape Verde,2020,0.567348,0.897049395,897049.395,1.581127271,2.186453342,2.271940912,0.570160091,-0.121150007,0.326889304,0,0.863338519,1.150321717,0,0.683061035,0.235835847,2.97E-06,0.063439814,3.68E-05,0.00015696,0,0,-23.634,15.071
CAF,Central African Republic,2020,4.920889,39.74611457,39746114.57,8.077019125,1.827160835,2.867066066,0.594390387,13.39000034,39.15172418,0,39.34688117,40.65339093,0,0.374657776,0.073252351,3.52E-05,0.023159899,2.97E-05,0.012076553,0,0,20.483,6.571
TCD,Chad,2020,16.285093,30.96260821,30962608.21,1.901285317,13.72287083,22.17156971,0.775222018,25.74999905,30.18738619,0,30.95282449,0.808737387,0,0.602520386,0.020663566,8.63E-07,0.020838374,9.95E-11,1.10E-09,0,0,18.665,15.361
CHL,Chile,2020,18.472638,112.1810592,112181059.2,6.072822907,295.5353699,330.8170157,82.61256218,-55.90600141,29.56849702,0,79.7295076,1442.328222,0,6.574624023,193.3210989,0.002861002,11.36151691,1.000895274,13.79439391,0,0,-69.433,-23.389
CHK,China,2020,1424.548224,14998.6806,14998680600,10.52872788,12610.76758,18690.27594,12316.05314,-353.0997594,2682.627462,0,13452.57576,84896.72037,0,-2457.367,7582.580517,0.136308113,636.7177781,29.22210417,1252.155655,0,0,#N/A,#N/A
COL,Colombia,2020,50.220412,219.5965315,219596531.5,4.372654918,411.0402222,559.3162529,104.3321533,90.84999466,115.2643782,0,176.6915833,2274.768073,0,9.657375,218.5839101,0.003782598,21.36708336,0.701089166,10.98890316,0,0,-73.076,3.9
COM,Comoros,2020,0.869601,0.78252018,782520.18,0.899861178,0.710403502,0.949021989,0.178842768,0.071070004,0.603677412,0,0.781946104,0.040479995,0,0.221172729,0.001914174,5.06E-08,0.001295364,1.41E-09,1.05E-08,0,0,43.337,-11.758
COD,"Congo, Democratic Republic of the",2020,89.5052,59.41509501,59415095.01,0.663817242,34.63484955,103.9045486,5.390074412,170.8999926,54.0250206,0,59.35840157,4.707002713,0,11.10538477,0.117661873,5.00E-06,0.174295216,1.94E-10,1.90E-09,0,0,23.654,-2.876
COG,"Congo, Republic of the",2020,5.686917,12.60646953,12606469.53,2.216749345,14.05426979,18.01948976,2.722456753,13.42000031,9.884012779,0,12.21739503,26.84054386,0,1.302400269,1.35711722,3.43E-05,0.420977591,0.000177241,0.001833202,0,0,15.986,-0.055
COK,Cook Islands,2020,0.017515,0.10851546,108515.46,6.195572937,0.440937787,0.881875575,0.091872433,-0.023896951,0.016643027,0,0.057520249,1.554308999,0,0.056733662,0.375449898,4.50E-06,0.017269415,0.001707333,0.010421422,0,0,-159.782,-21.219
CRI,Costa Rica,2020,5.044179,17.36461496,17364614.96,3.442505701,54.880867,73.26168087,8.130373398,-9.479999701,9.234241565,0,12.65438956,175.6510312,0,3.529043213,31.45043718,0.000415264,2.996359352,0.090736156,0.697104128,0,0,-83.946,9.971
CIV,Cote d_Ivoire,2020,26.17175,30.5984025,30598402.5,1.169138575,48.64383316,71.3629971,15.00875743,5.593000174,15.58964507,0,30.04454837,22.86460384,0,8.261064453,3.47569052,4.88E-05,1.350714488,0.000169327,0.001120803,0,0,-5.556,7.632
HRV,Croatia,2020,4.11594675,24.47271379,24472713.79,5.945828573,66.82650757,78.25110816,18.42773835,-6.638476054,6.04497544,0,16.72596959,397.5129702,0,8.588399414,40.79578224,0.000682971,3.844048462,0.033574889,0.127559969,0,0,16.693,45.723
CUB,Cuba,2020,11.495492,51.86240879,51862408.79,4.511543202,84.44594574,168.8918915,37.1150341,11.89000003,14.74737469,0,43.97238485,395.9390997,0,8.465630859,42.44843817,0.000695602,10.01853926,0.000172452,0.000626613,0,0,-77.781,21.297
CYP,Cyprus,2020,1.207343,8.474861116,8474861.116,7.019431194,26.89363861,24.23722829,7.141758204,-0.499858995,1.333102912,0,5.430937572,147.0883291,0,3.062739746,16.94610577,0.000268359,1.142413347,0.043336519,0.175088091,0,0,33.219,35.043
CZE,Czech Republic,2020,10.633424,131.4593012,131459301.2,12.36283827,256.8874207,322.3246866,106.5152092,-6.317645868,24.94409196,0,85.30855592,2862.066641,0,-5.776857422,193.3425394,0.004068754,10.61187934,0.35006937,1.879881209,0,0,15.338,49.743
DNK,Denmark,2020,5.903468,49.769171,49769171,8.430497294,374.1861877,214.3020144,36.38377857,0.89859501,13.38539243,0,6.542624399,1529.951817,0,24.51333398,296.8794937,0.00381095,5.901713748,3.721796887,13.96311121,0,0,9.264,56.058
DJI,Djibouti,2020,0.999899,2.008509045,2008509.045,2.008711925,2.02636075,3.380863714,0.794558262,0,1.213950783,0,1.974573843,1.865054715,0,0.361554962,0.166260731,2.99E-06,0.076599623,2.13E-06,1.89E-05,0,0,42.516,11.9
DMA,Dominica,2020,0.075052,0.231627735,231627.735,3.086230014,0.56187284,0.890920723,0.154494837,0.321,0.077132898,0,0.185870418,2.168283342,0,0.074696953,0.259046144,4.03E-06,0.044886034,0.000126651,0.000695253,0,0,-61.356,15.475
DOM,Dominican Republic,2020,11.108358,38.37748853,38377488.53,3.454830005,89.85268402,145.0494889,23.73307641,-8.717000167,14.64441212,0,30.46605343,325.5556786,0,6.820114746,49.75354489,0.00069749,5.81140816,0.111163549,1.15073585,0,0,-70.729,19.015
ECU,Ecuador,2020,17.335642,64.40163628,64401636.28,3.714984209,87.78487396,157.7097091,40.172218,33.91000175,24.22941828,0,54.2344101,658.8661212,0,8.134362793,39.74283232,0.000896366,6.438154813,0.053807377,0.862370929,0,0,-78.497,-1.385
EGY,Egypt,2020,102.941488,349.8053627,349805362.7,3.398098954,315.5671997,648.3031257,242.3225454,-0.219000004,107.4828173,0,336.3732903,810.9574019,0,-22.45144141,58.48960567,0.001184202,28.49651417,0.000106386,0.000822275,0,0,29.872,26.494
SLV,El Salvador,2020,6.479066,12.88272528,12882725.28,1.988361483,26.24521828,45.36889913,7.048057357,0.783999984,5.834667921,0,11.13155891,94.92154126,0,3.132694336,8.712541012,0.000154387,1.922101368,0.004526775,0.035815376,0,0,-88.866,13.736
GNQ,Equatorial Guinea,2020,1.40628,9.175582647,9175582.647,6.524719577,11.9166975,17.93340656,4.023221095,5.396000187,5.152361552,0,7.512915438,114.5467685,0,1.565996704,5.814921622,0.000146585,0.89289399,0.004011368,0.043337881,0,0,10.488,1.607
ERI,Eritrea,2020,5.432216,7.556993733,7556993.733,1.391143823,3.32975173,4.04651855,0.765352776,0.620800013,6.791640957,0,7.556172229,0.066520315,0,1.325149902,0.001874536,7.24E-08,0.001337619,7.79E-10,1.11E-08,0,0,38.219,16.045
EST,Estonia,2020,1.300559,20.14504788,20145047.88,15.48953018,27.23584938,32.11155723,17.77131796,-2.343689958,2.373729924,0,14.95528989,348.6833945,0,2.300679443,19.04150456,0.000457541,1.239571548,0.052618487,0.60390958,0,0,25.793,58.674
ETH,Ethiopia,2020,112.759072,135.889039,135889039,1.205127327,71.73990631,187.2076239,16.239995,25.50999928,119.649044,0,135.8660962,1.811548421,0,7.196060547,0.057002844,2.02E-06,0.115068605,2.14E-15,8.59E-15,0,0,39.616,8.626
FJI,Fiji,2020,0.924915,2.45011284,2450112.84,2.649014061,4.327474117,4.900433393,1.162313561,0.627300029,1.287799279,0,2.224747092,12.48729869,0,1.93818811,1.09394945,1.99E-05,0.185699949,0.001214477,0.011965022,0,0,177.974,-17.819
FIN,Finland,2020,5.580127,57.09892885,57098928.85,10.23255006,274.9464722,196.4101879,45.33080387,-32.28904343,11.76812498,0,21.39202688,1550.691725,0,20.16179297,216.3686188,0.003148002,5.573945882,2.205056152,10.254982,0,0,26.272,64.504
FRA,France,2020,68.624288,469.1633326,469163332.6,6.836695087,3021.187988,2279.741961,343.9955317,-47.2746013,125.1678009,0,132.6769197,11627.79125,0,153.5482188,2339.333541,0.029665406,68.45173821,21.05771645,67.95179704,0,0,2.55,46.565
GAB,Gabon,2020,2.151289,9.691842755,9691842.755,4.505132855,21.38499451,32.90118266,5.390328368,0.427300001,4.301514387,0,6.609682388,182.317698,0,0.472129211,13.80019469,0.00027173,1.046214366,0.057774566,1.034067685,0,0,11.797,-0.591
GMB,"Gambia, The",2020,2.293493,2.838760023,2838760.023,1.237745231,1.256706834,3.610601911,0.57772472,-0.248500014,2.261035303,0,2.81049529,2.568608276,0,0.362498627,0.036332318,2.49E-06,0.032000143,4.00E-08,8.07E-07,0,0,-15.386,13.453
GEO,Georgia,2020,3.898529,18.35997375,18359973.75,4.709461889,18.04141998,31.41259942,9.776149432,-1.714344025,8.583824317,0,17.13185006,69.76107045,0,3.592737549,5.789194504,0.000108274,1.512893524,0.000844312,0.009924382,0,0,43.518,42.176
DEU,Germany,2020,82.540456,913.5218214,913521821.4,11.06756451,4084.530518,3424.757447,799.3284658,-16.80221844,114.1933556,0,364.1501991,23686.29423,0,203.759125,3346.264992,0.048433849,82.49458806,32.63735092,172.3309574,0,0,9.851,51.11
GHA,Ghana,2020,30.733756,31.61015431,31610154.31,1.028515822,61.83220673,68.85192379,14.21613471,0.963999977,17.3940196,0,31.3622887,6.884361102,0,5.793040527,1.892359274,2.19E-05,0.739172116,5.66E-05,0.000255053,0,0,-1.207,7.96
GRC,Greece,2020,11.102572,96.14680926,96146809.26,8.659868115,265.2356567,242.9010847,74.2947801,-2.616648873,21.85202916,0,57.48161724,2259.239989,0,14.23417676,175.9289297,0.003408811,10.22206693,0.744259241,4.824903139,0,0,21.766,39.666
GRD,Grenada,2020,0.109308,0.348691198,348691.198,3.189987906,1.023372173,1.287130649,0.262651724,-0.087499999,0.086039474,0,0.276039213,2.872376327,0,0.148539658,0.468692638,6.41E-06,0.064912472,0.000466877,0.002331651,0,0,-61.678,12.118
GTM,Guatemala,2020,17.910812,38.08453227,38084532.27,2.126343142,59.177948,88.4075556,20.57681402,12.16799959,17.50771825,0,35.2204641,157.7404827,0,11.50083594,13.99855998,0.000252503,3.225340454,0.007009277,0.071400234,0,0,-90.398,15.256
GIN,Guinea,2020,13.750826,25.47716776,25477167.76,1.852773627,11.54862595,23.81402706,3.046356042,14.15999961,22.43081172,0,25.41420171,5.340564836,0,2.335659668,0.119332865,5.55E-06,0.109221573,7.97E-09,1.10E-07,0,0,-10.942,10.439
GNB,Guinea-Bissau,2020,2.000694,2.879315404,2879315.404,1.439158314,1.28529501,2.480712612,0.336938687,1.474000037,2.542376717,0,2.872490413,0.576774143,0,0.081083878,0.01314579,6.02E-07,0.009818186,1.53E-08,2.75E-07,0,0,-14.651,12.125
GUY,Guyana,2020,0.790782,5.440907478,5440907.478,6.880413917,4.506083012,4.635395213,3.110394577,14.50399963,2.330512901,0,5.239732817,10.03469305,0,0.245661499,1.088430225,1.77E-05,0.188461141,0.000948613,0.016977472,0,0,-58.974,4.792
HTI,Haiti,2020,11.371185,11.19430898,11194308.98,0.984445243,8.730587006,13.10195443,3.089674691,0.149500005,8.104634285,0,11.02197677,12.56395178,0,1.248307617,0.533137965,1.52E-05,0.163867359,0.000185682,0.004023145,0,0,-72.278,19.142
HND,Honduras,2020,9.719265,20.92662923,20926629.23,2.153108206,22.61577988,39.41942903,10.9040223,28.07999945,10.02260693,0,19.60032463,83.67938194,0,0,5.41271944,0.00011693,1.29887562,0.003395248,0.058769377,0,0,-86.863,14.819
HUN,Hungary,2020,9.621254,63.88171022,63881710.22,6.639644917,165.6524963,218.3903114,48.47033056,-4.167739709,15.41137966,0,42.34641032,1128.383953,0,26.14319141,111.0613299,0.001898601,9.451237371,0.061422682,0.210951608,0,0,19.134,47.07
ISL,Iceland,2020,0.343228,5.058635791,5058635.791,14.73841234,19.01909447,15.79647584,3.834594647,7.93963925,1.224041144,0,2.620196742,94.52891657,0,2.016082642,15.91976837,0.000214978,0.343179568,0.169470827,1.160626905,0,0.536833182,-18.48,64.764
IND,India,2020,1383.197696,3438.50943,3438509430,2.485913214,3287.093262,7345.280046,2720.651001,0.90000089,717.858429,0,3360.754348,3084.841826,0,-78.06401563,500.5362373,0.006855064,274.0266977,0.000913369,0.007102859,0,0,78.5,21
IDN,Indonesia,2020,272.223008,1037.304342,1037304342,3.810494746,1278.832153,1680.939919,595.0851288,1482.00002,442.2192128,0,988.6511681,2265.542246,0,-28.28846289,279.4617337,0.004289374,71.85032004,0.042184983,0.368631216,0,0,114.252,-0.976
IRN,Iran,2020,83.587136,1005.480192,1005480192,12.02912601,627.251709,1212.722345,802.973704,32.01099841,202.5064875,0,895.2250927,8126.350958,0,-19.44218359,332.222152,0.00972034,59.98040686,0.102678292,2.014357164,0,0,54.301,32.565
IRQ,Iraq,2020,41.502888,205.8008353,205800835.3,4.958711194,225.1973419,284.1240041,162.7449519,-1.868000011,43.05588341,0,192.5169337,774.1984754,0,-2.255528076,60.64289056,0.001171139,12.74230378,0.022978202,0.266587044,0,0,43.772,33.048
IRL,Ireland,2020,4.887992,64.51008447,64510084.47,13.19766572,379.2518005,297.5696053,42.24239699,4.424946388,22.26768748,0,18.78120241,1434.989038,0,28.46056641,332.5318359,0.004031562,4.885613267,3.313199601,26.78239123,0,0,-8.152,53.177
ISR,Israel,2020,8.713559,89.92074824,89920748.24,10.31963498,325.5325012,296.3812344,72.21125031,-0.052270001,17.70949793,0,50.97052248,1510.553829,0,-24.83864063,254.2325525,0.00343394,8.441838382,1.927996897,15.3694458,0,0,34.851,31.026
ITA,Italy,2020,59.132076,427.0088418,427008841.8,7.221272627,2186.776367,1756.263294,347.4613698,-27.09415023,79.547472,0,161.6999613,11235.536,0,153.961625,1636.474683,0.023390233,57.98894891,12.37849897,54.57068237,0,0,12.8,42.7
JAM,Jamaica,2020,2.91316,9.690807263,9690807.263,3.326561968,15.1470108,20.87672159,7.864335537,0.798600023,1.826471726,0,8.297990096,96.76368342,0,1.770425293,4.789884249,0.000122794,0.918238975,0.003094238,0.030250171,0,0,-77.32,18.151
JPN,Japan,2020,126.495648,1255.128532,1255128532,9.922306035,6286.866211,4482.709853,1181.741781,-71.37901052,73.38675054,0,490.3066536,29997.67498,0,244.4138906,4958.209049,0.067428433,125.4015882,48.28270115,284.1589896,0,178.9792706,139.068,36.491
JOR,Jordan,2020,10.208662,31.70690306,31706903.06,3.105882344,34.14290619,40.29283605,26.83124288,0,4.875660181,0,30.81819648,59.41428552,0,-3.611053955,3.290404369,7.84E-05,1.071823495,0.000185782,0.0016003,0,0,36.319,30.703
KAZ,Kazakhstan,2020,18.777138,308.942522,308942522,16.45312092,212.2791748,255.484472,236.6329625,3.979480863,72.3095595,0,272.921981,2641.223014,0,-8.840950195,109.9130822,0.003175653,12.224948,0.193332185,4.825448618,0,0,67.301,48.16
KEN,Kenya,2020,53.491696,70.28768015,70287680.15,1.313992365,69.0612793,128.3702617,20.29432631,-30.34000079,49.99335384,0,67.18565468,187.9623469,0,11.07142773,13.43942179,0.000273482,3.333753168,0.010629303,0.238779954,0,0,37.858,0.53
KIR,Kiribati,2020,0.122439,0.100776476,100776.476,0.823074968,0.211220205,0.307994374,0.067795061,-0.00564,0.032981415,0,0.099302408,0.073072788,0,0.155709061,0.008020978,1.30E-07,0.00399176,5.56E-08,2.16E-07,0,0,175.036,-1.508
PRK,"Korea, Dem. Rep.",2020,25.840864,104.3775436,104377543.6,4.039243564,51.25200272,153.7560081,78.52592214,14.22999954,25.85162147,0,100.6852383,274.9068609,0,-20.57126953,10.84744325,0.000325522,6.390903195,3.01E-05,0.000518228,0,0,126.451,39.778
KOR,"Korea, Rep.",2020,51.506976,734.3377908,734337790.8,14.25705502,1466.794189,1909.111618,653.373525,-44,80.96426582,0,510.7305608,11546.24608,0,204.8563906,1170.295849,0.019713721,51.17617197,5.29502334,47.40510238,0,0,128.103,36.504
KWT,Kuwait,2020,4.302875,134.1810732,134181073.2,31.18405095,156.2253113,157.6925085,112.2510478,-0.028549999,21.93002542,0,98.43204472,2467.690927,0,-5.701057617,124.541784,0.003151715,4.137224147,0.90871312,24.8191325,0,0,47.376,29.476
KGZ,Kyrgyzstan,2020,6.301718,18.13457926,18134579.26,2.877719895,7.492030621,17.09748956,8.401148558,6.807100336,9.733430703,0,17.90580124,17.7419772,0,6.495074707,0.60082415,2.02E-05,0.340759761,6.48E-06,0.00015848,0,0,74.555,41.465
LAO,Laos,2020,7.164822,15.07678604,15076786.04,2.104279218,14.5505867,29.17995041,2.431956768,18.67000055,12.64482927,0,14.91068027,6.452168655,0,-1.148231934,1.083153557,1.46E-05,0.718141432,2.81E-07,1.81E-06,0,0,102.471,19.905
LVA,Latvia,2020,1.892993,12.12759531,12127595.31,6.406571659,33.26396179,40.16553929,7.701256752,-3.776605805,4.426338553,0,8.4021128,167.8887913,0,8.591265625,21.96134773,0.000328447,1.628254761,0.066487125,0.462601603,0,0,25.641,56.858
LBN,Lebanon,2020,6.019795,27.80639624,27806396.24,4.619159995,46.67523575,63.83547113,22.36024618,-0.017911,5.446150064,0,22.19005816,328.9456729,0,-2.204074463,25.47636556,0.000495149,2.273410225,0.094282953,1.929956758,0,0,35.888,33.92
LSO,Lesotho,2020,2.322217,5.50568974,5505689.74,2.370876512,3.507521868,4.891219653,2.812916497,-0.115180003,2.692773243,0,5.330025033,13.09354822,0,0.972930054,0.514606721,1.55E-05,0.112033618,0.000472732,0.015251304,0,0,28.243,-29.581
LBR,Liberia,2020,5.103853,4.087401032,4087401.032,0.800846151,1.930499673,2.997256331,0.980049332,8.221000115,3.1073517,0,4.087024371,0.028446909,0,0.239971741,0.001066029,3.32E-08,0.000902635,2.32E-10,3.29E-09,0,0,-9.657,6.682
LBY,Libya,2020,6.662173,141.9347016,141934701.6,21.30456558,42.35762405,56.76750375,111.7491722,0.0003997,30.18552939,0,130.8771221,1004.851736,0,-3.856830566,14.2163154,0.000974861,2.806355138,0.005407859,0.225916009,0,0,18.023,27.044
LIE,Liechtenstein,2020,0.038645,0.211817241,211817.241,5.481103403,5.91032505,5.91032505,0.169542426,0.017981001,0.042274815,0,-0.385009544,6.00242702,0,0.353028046,5.62049241,5.26E-05,0.038640748,0.03370523,0.145030171,0,0.013189611,9.555,47.153
LTU,Lithuania,2020,2.852478,21.26623377,21266233.77,7.455354175,52.28587723,73.53137793,13.82349412,-6.354239066,7.442739646,0,14.13047951,369.3814786,0,9.077981445,37.25415049,0.000629104,2.697135293,0.084836482,0.549226693,0,0,23.897,55.336
LUX,Luxembourg,2020,0.603944,11.12876452,11128764.52,18.42681526,72.45774078,47.66269461,10.07032871,-0.433824003,1.058435808,0,2.00670062,293.8283649,0,10.38859668,65.57179032,0.000804222,0.603940564,0.56144803,6.551705199,0,2.536508469,6.088,49.771
MKD,Macedonia,2020,2.088034875,13.28358948,13283589.48,6.361766099,12.3169899,25.52443304,9.885720094,0.014794265,3.397869388,0,11.6738685,109.4080995,0,-2.78500415,5.779773579,0.000141917,1.294188207,0.001028519,0.013007745,0,0,21.698,41.6
MDG,Madagascar,2020,27.690798,41.26816198,41268161.98,1.49032043,12.70737648,26.22736926,3.763171077,28.09000031,37.5049909,0,41.19812542,6.207195296,0,1.3361698,0.105874549,6.17E-06,0.081077414,1.87E-07,5.31E-06,0,0,46.706,-19.374
MWI,Malawi,2020,20.283692,12.46115147,12461151.47,0.614343358,10.63750648,24.81704081,1.695958475,5.543999871,10.76519299,0,12.44216784,1.62403852,0,1.340214844,0.034577771,1.67E-06,0.04107034,2.45E-10,1.65E-09,0,0,33.808,-13.4
MYS,Malaysia,2020,32.869324,409.5981267,409598126.7,12.46141012,417.7543335,659.2946529,290.222379,-77,119.3757477,0,344.3202278,4087.106116,0,-41.97352344,269.5635284,0.005755048,27.17783903,0.450449974,7.584536208,0,0,102.195,4.201
MDV,Maldives,2020,0.458909,1.569850811,1569850.811,3.420832477,4.334672928,5.110015713,1.472320696,0.0008375,0.097530115,0,1.314297963,7.671491539,0,0.343412842,1.893332101,2.25E-05,0.258999882,0.002030068,0.010818871,0,0,72.92,3.548
MLI,Mali,2020,20.28418,43.30863264,43308632.64,2.13509408,16.26756477,25.3411246,1.776576787,7.387999773,41.53205585,0,43.16712005,13.93393413,0,2.096511719,0.073869052,1.25E-05,0.054794586,3.09E-08,5.54E-07,0,0,-3.524,17.35
MLT,Malta,2020,0.434363,2.484194894,2484194.894,5.719167825,13.71208668,15.95961398,1.974340498,0.002378,0.509854396,0,0.913465823,54.34077328,0,3.606021484,10.91385563,0.000138479,0.43350235,0.053382134,0.154028553,0,0.847780289,14.442,35.89
MHL,Marshall Islands,2020,0.053251,0.199686381,199686.381,3.749908565,0.19189766,0.19189766,0.130472478,0,0.069213903,0,0.195419352,0.275843862,0,0.181052048,0.016747088,3.76E-07,0.004635609,2.38E-06,2.52E-05,0,0,168.963,7.595
MRT,Mauritania,2020,4.783767,14.36905833,14369058.33,3.003711998,6.559411526,12.87614633,3.046904604,-0.50349999,11.32215373,0,14.20774684,14.09410864,0,0.760312012,0.264239894,1.42E-05,0.179073301,2.15E-07,3.40E-06,0,0,-10.332,20.26
MUS,Mauritius,2020,1.274114,9.294820666,9294820.666,7.295124821,14.53198338,23.51573438,5.054000338,0.07167,4.240820328,0,7.735532106,73.23851144,0,2.437559326,8.893096482,0.00013747,1.064591484,0.007807778,0.068843218,0,0,57.583,-20.255
MEX,Mexico,2020,133.870032,730.5010185,730501018.5,5.456792738,1368.138672,1863.71865,524.5302175,10.36500017,205.970801,0,566.203963,9299.713052,0,69.02903125,777.7771791,0.014484801,74.67760502,2.307750136,31.54283939,0,0,-102.535,23.951
FSM,"Micronesia, Federated States of",2020,0.107774,0.174780696,174780.696,1.621733405,0.31148085,0.347509792,0.121832704,-0.029299999,0.052947992,0,0.169381783,0.346854065,0,0.220296707,0.021406883,4.76E-07,0.007074434,1.35E-06,7.15E-06,0,0,158.235,6.883
MDA,Moldova,2020,4.017687,13.97541853,13975418.53,3.478473691,8.513575554,14.55626592,9.05807511,-0.97360002,4.917343418,0,13.65603587,23.47881122,0,3.250091553,0.968534417,2.82E-05,0.389102597,3.71E-05,0.000635697,0,0,28.599,47.193
MCO,Monaco,2020,0.039297,0.130099958,130099.958,3.310684225,6.222342491,6.222342491,0.077019675,-4.60E-05,0.053080283,0,-0.468988081,3.184393754,0,-0.277828003,5.927619061,5.28E-05,0.039293408,0.034648306,0.090351408,0,0,7.412,43.75
MNG,Mongolia,2020,3.209404,42.80856307,42808563.07,13.33847751,13.86008453,22.30316228,21.5447491,26.90000057,21.26381397,0,41.67577011,88.90422861,0,-1.837605591,2.868831736,9.99E-05,1.074446599,1.82E-05,0.000399748,0,0,102.876,46.056
MNE,Montenegro,2020,0.629397,4.805946331,4805946.331,7.635794786,5.179691315,8.081526538,2.872091413,-0.260880018,1.933854918,0,4.146070668,45.52321972,0,-0.93380835,2.301559458,5.82E-05,0.4964696,4.55E-05,0.000284967,0,0,19.254,42.792
MAR,Morocco,2020,37.07072,122.4490099,122449009.9,3.303119278,134.3689575,203.1647698,65.60331535,-0.366299999,56.84569454,0,117.5375166,266.0976302,0,5.600922852,24.4489937,0.000433008,7.9096562,0.001375554,0.01234291,0,0,-5.758,32.706
MOZ,Mozambique,2020,32.309196,47.1191167,47119116.7,1.458380973,18.48412323,39.67166424,11.99242584,35.80000083,35.12669086,0,47.03104814,6.130378425,0,5.313494629,0.301663554,7.76E-06,0.218216408,8.40E-07,1.95E-05,0,0,37.923,-14.422
MMR,Myanmar,2020,54.808276,133.639425,133639425,2.4383074,99.30758667,297.92276,18.01375675,97.3200016,115.6256682,0,130.9394837,126.9074534,0,9.329679688,15.38918641,0.000238033,11.35835343,3.09E-06,2.77E-05,0,0,96.041,21.718
NAM,Namibia,2020,2.696537,14.53002504,14530025.04,5.388401881,16.58160591,19.74795509,3.378740112,9.247999748,11.15128493,0,11.96942679,171.775692,0,2.7730271,9.421415755,0.000225748,0.563654149,0.046631062,2.320204498,0,0,17.218,-22.133
NRU,Nauru,2020,0.011227,0.045435648,45435.648,4.04699813,0.127802759,0.255605519,0.038420877,0,0.007014771,0,0.03297118,0.425042562,0,0.05265073,0.087228039,1.10E-06,0.009767705,0.000100868,0.000575064,0,0,166.93,-0.522
NPL,Nepal,2020,30.260244,40.86363792,40863637.92,1.350406756,24.14323616,48.57302152,6.280091921,6.286000212,34.583546,0,40.64342137,15.48235949,0,5.396710449,0.738891794,1.94E-05,0.449813597,5.63E-06,9.29E-05,0,0,83.939,28.253
NLD,Netherlands,2020,17.518756,209.3073098,209307309.8,11.94761259,976.6231079,775.4225356,178.1502139,6.123678048,31.15709591,0,81.23341398,5213.486688,0,85.75065625,811.1435876,0.011291285,17.51535559,8.739707009,48.58542711,0,0,5.389,52.077
NZL,New Zealand,2020,4.83442,83.68084685,83680846.85,17.30938703,192.0984497,145.1710297,38.0405337,-27.36540794,45.64031315,0,54.5679149,1582.989453,0,8.691296875,144.3488949,0.002566662,4.71332525,1.198001706,13.44460507,0,15.42752616,172.235,-42.634
NIC,Nicaragua,2020,6.416568,18.21888856,18218888.56,2.839350967,14.24719524,32.70327895,5.764533798,14.52515006,12.45435476,0,17.08882962,78.72185208,0,1.447378784,3.864843431,9.96E-05,1.203409124,0.001022699,0.021065451,0,0,-85.034,12.84
NER,Niger,2020,24.074694,37.49729771,37497297.71,1.557539951,9.903124809,18.5409208,2.629363477,1.584000041,34.86793423,0,37.44879267,4.182579154,0,1.448405518,0.085029287,4.28E-06,0.05486176,6.19E-07,2.34E-05,0,0,9.398,17.426
NGA,Nigeria,2020,206.152704,256.6295656,256629565.6,1.244851805,487.5879211,838.0218607,97.16051928,184.9999949,159.4690463,0,243.7505847,660.4495584,0,-31.43503125,67.86501395,0.00113544,25.45589267,0.003592987,0.020458691,0,0,8.105,9.594
NIU,Niue,2020,0.001632,0.01439078,14390.78,8.817879902,0.020403501,0.040807001,0.012574394,0.018150002,0.001816386,0,0.011906393,0.1138336,0,0,0.014456583,2.19E-07,0.001460434,2.05E-05,0.000242388,0,0,-169.869,-19.052
NOR,Norway,2020,5.449693,54.2862827,54286282.7,9.961346942,505.321228,277.4069094,44.40979767,-27.01060104,9.87648503,0,0.465720712,1296.326856,0,41.20690625,430.8736427,0.004744943,5.44645675,4.388967217,26.37449251,0,1.681561977,8.74,61.152
OMN,Oman,2020,5.1497,87.55689176,87556891.76,17.00232863,80.57305908,95.15246004,57.15482267,-0.004535,30.40206909,0,73.04568563,1008.757611,0,-6.032556152,49.84197052,0.001279341,4.124583541,0.135689973,2.774661551,0,0,57.407,21.656
PAK,Pakistan,2020,208.362336,488.9379794,488937979.4,2.346575628,283.6046448,671.0642202,204.87935,25.30000035,284.0586294,0,487.2441288,104.1859023,0,43.45095703,7.182625121,0.000149334,7.951415283,3.51E-09,2.70E-08,0,0,69.386,29.967
PLW,Palau,2020,0.022442,0.263722584,263722.584,11.75129596,0.269058913,0.403025914,0.261963564,0,0.00175902,0,0.206847019,4.266051229,0,0.076668159,0.163928671,5.01E-06,0.017730176,0.000242986,0.003915491,0,0,134.57,7.501
PSE,Palestine,2020,5.322629,0,0,0,13.80404472,27.60808945,0,0,0,0,-0.273479329,4.875128583,0,-1.78281958,2.361654529,2.41E-05,1.025584374,3.45E-05,0,0,0,35.278,32.037
PAN,Panama,2020,4.28933,16.40894449,16408944.49,3.825526244,55.04105377,88.24401321,10.97067054,8.565999349,5.438273946,0,10.99010938,184.5327239,0,-0.262149384,37.94703434,0.000477737,2.837957304,0.150581444,1.489315511,0,0,-80.92,8.384
PNG,Papua New Guinea,2020,8.755675,16.33902629,16339026.29,1.866106987,22.08891678,35.43302338,6.878035227,55.71000195,9.460991065,0,15.40577618,54.12208206,0,2.789855225,4.287447334,8.23E-05,1.146019312,0.00148437,0.016793569,0,0,143.459,-5.949
PRY,Paraguay,2020,7.06633,43.31803632,43318036.32,6.130202852,30.75777054,50.32998392,6.678295056,136.7000008,36.63974126,0,39.37411201,291.9226431,0,3.589906006,11.75954873,0.000347705,2.007279441,0.014834219,0.443717318,0,0,-58.391,-23.236
PER,Peru,2020,33.31218,119.0749629,119074962.9,3.574517277,222.6424103,359.9126875,72.86705526,73.47000249,46.20790768,0,100.856768,848.3398808,0,8.689557617,104.6438294,0.001606157,16.02460987,0.12282261,1.222887952,0,0,-75.552,-9.326
PHL,Philippines,2020,109.7034,236.5111898,236511189.8,2.155914856,369.0718079,614.0204054,138.3961334,-15.38999844,98.11505636,0,220.3766965,722.0475883,0,31.5219043,95.61965015,0.001422454,24.00296502,0.03344654,0.317750486,0,0,122.466,11.118
POL,Poland,2020,37.942232,408.092598,408092598,10.75562972,650.0649414,916.8340237,327.5074209,-34.73479684,80.5851771,0,306.5685648,6042.645944,0,-23.33301953,450.8211129,0.008950589,35.73150111,0.798564705,7.255820797,0,0,19.401,52.125
PRT,Portugal,2020,10.218413,69.84152969,69841529.69,6.834870512,250.1170044,253.6652598,52.29101404,-10.96661337,17.55051565,0,39.13218547,1431.840601,0,20.29062109,176.206462,0.002707405,9.324199722,0.873311223,5.412053611,0,0,-8.058,40.309
QAT,Qatar,2020,2.791807,198.1814807,198181480.7,70.98681275,190.3874054,203.9567449,139.8541476,0,58.32733313,0,158.2550122,2440.405719,0,-4.092840088,170.8546225,0.003520008,2.782087054,1.448977194,80.16307871,0,0,51.191,25.316
ROU,Romania,2020,19.388362,127.4949672,127494967.2,6.575850355,234.1164093,339.1243536,86.77913221,-25.24178378,40.71583494,0,99.93400982,1479.556603,0,1.860453857,138.5701563,0.002429837,15.97456917,0.135644738,1.008405347,0,0,24.969,45.844
RUS,Russia,2020,143.786848,2636.900991,2636900991,18.33895817,1747.196289,2361.336053,1596.107005,-637.2335002,1040.793986,0,2158.711605,39228.11095,0,-180.0215,1040.110338,0.042158262,99.47670983,2.613854714,83.55259455,0,0,96.689,61.988
RWA,Rwanda,2020,13.087173,8.223669598,8223669.598,0.628376319,11.50941467,22.68914995,1.110717207,0.138799998,7.112952391,0,8.175398555,1.661854725,0,1.172909424,0.336217947,4.26E-06,0.210519761,1.62E-06,1.06E-05,0,0,29.917,-1.998
KNA,Saint Kitts and Nevis,2020,0.056813,0.350549915,350549.915,6.17024123,0.969798386,1.127909847,0.254721433,0.056200001,0.095828482,0,0.250330588,4.204999996,0,0.075274826,0.6221134,8.84E-06,0.046976069,0.001953449,0.013927122,0,0,-62.769,17.34
LCA,Saint Lucia,2020,0.181203,0.537274469,537274.469,2.965041798,1.569805145,2.214944742,0.452184965,0.126150002,0.085089504,0,0.410351634,5.79048321,0,0.207033051,0.741082958,1.12E-05,0.111125491,0.000566067,0.002744502,0,0,-60.969,13.898
VCT,Saint Vincent and the Grenadines,2020,0.110757,0.376903831,376903.831,3.402979776,0.814920783,1.307964484,0.224495672,0.100300002,0.152408159,0,0.304295736,3.807806567,0,0.1082005,0.374114224,6.40E-06,0.065940145,0.000173306,0.001059746,0,0,-61.194,13.248
WSM,Samoa,2020,0.200117,0.450178236,450178.236,2.249575179,0.79044342,0.959170788,0.210855971,-0.267974436,0.239322265,0,0.427349479,1.188736667,0,0.234680618,0.118478544,2.01E-06,0.032998199,1.49E-05,8.86E-05,0,0,-172.414,-13.652
SMR,San Marino,2020,0.033809,0.218834412,218834.412,6.472667396,1.836244941,1.836244941,0.180463729,-0.001974,0.038370683,0,0.007578803,6.161912395,0,-0.220476807,1.583236267,1.86E-05,0.033445315,0.013446477,0.069826487,0,0,12.46,43.942
STP,Sao Tome and Principe,2020,0.218011,0.223152795,223152.795,1.023585026,0.316452026,0.44245022,0.141903153,0.146500005,0.081249642,0,0.222103257,0.042056511,0,0.103042412,0.00671426,9.25E-08,0.003585925,2.94E-08,1.61E-07,0,0,6.629,0.201
SAU,Saudi Arabia,2020,34.70964,643.5491301,643549130.1,18.54093359,731.2197876,907.1249363,556.822464,0,86.72666613,0,510.1458262,8593.532645,0,-41.09375391,526.633365,0.011761138,31.42343974,2.160178105,42.27819068,0,0,44.585,24.023
SEN,Senegal,2020,17.200154,31.14336919,31143369.19,1.810644788,22.05452919,36.99842109,11.99581861,6.0370001,19.14755058,0,30.94589994,13.95944999,0,2.863399902,0.654886464,1.74E-05,0.382172207,2.20E-06,2.51E-05,0,0,-14.881,15.013
SRB,Serbia,2020,8.703942,73.60992543,73609925.43,8.457079037,47.40079117,86.27943835,50.34055869,-33.03599962,23.26936674,0,67.5479759,458.4154046,0,0,17.09682544,0.000534435,4.770227977,0.000617236,0.008347543,0,0,20.806,44.032
SYC,Seychelles,2020,0.096112,0.643841542,643841.542,6.698867384,1.516722679,2.947590576,0.587605054,0,0.056236488,0,0.436665973,10.02838165,0,0,1.151650089,1.83E-05,0.090034623,0.002601037,0.020871915,0,0,55.474,-4.647
SLE,Sierra Leone,2020,8.046931,8.825511953,8825511.953,1.096755018,4.321474552,9.847590798,1.725836933,5.968999902,7.09967502,0,8.821909686,0.233654341,0,0.906841003,0.01405913,3.18E-07,0.016309332,1.21E-10,1.44E-09,0,0,-11.792,8.56
SGP,Singapore,2020,5.935053,83.65770586,83657705.86,14.09552802,326.9050903,404.6288974,78.83910306,0.054649994,4.8186028,0,44.36420034,1178.979757,0,277.370875,291.1748543,0.003464205,5.78811868,2.155658797,32.06373657,0,0,103.808,1.351
SVK,Slovakia,2020,5.4514,44.26957488,44269574.88,8.120771707,120.5737839,151.6077122,36.2704436,-7.386997064,7.999131282,0,28.13045131,797.2136946,0,7.692708008,88.10491354,0.001422862,5.397659498,0.17047886,0.749850802,0,0,19.491,48.707
SVN,Slovenia,2020,2.082054875,17.45038964,17450389.64,8.381330314,55.94554138,61.21055695,13.97377284,-5.39845407,3.4766168,0,9.830658941,375.2681515,0,6.7044375,41.70934813,0.000671773,2.050627798,0.17082602,0.86757164,0,1.934376667,14.827,46.124
SLB,Solomon Islands,2020,0.647297,0.386364453,386364.453,0.596888991,0.993780315,1.230058035,0.220510816,1.795000037,0.165853637,0,0.3834959,0.124305778,0,0.204260635,0.017409441,2.53E-07,0.008505948,1.30E-07,3.99E-07,0,0,160.109,-9.611
SOM,Somalia,2020,16.105174,31.86571875,31865718.75,1.978601333,3.478256226,10.43476868,0.703779762,14.29999948,31.16193899,0,31.84675041,1.873294765,0,0.38699295,0.009338831,1.67E-06,0.011894548,5.67E-10,3.93E-08,0,0,48.316,9.774
ZAF,South Africa,2020,58.721232,526.8185552,526818555.2,8.971517409,439.5050659,572.7533644,452.3849309,2.064999998,74.43362427,0,443.1924162,6503.476424,0,-130.8047969,217.792303,0.00737267,22.12340373,0.677408918,23.33557137,0,0,23.121,-30.558
SSD,South Sudan,2020,13.610007,59.19813012,59198130.12,4.349603209,7.347420216,9.664579365,1.509205331,14.26799933,57.68892479,,58.9046066,30.25751204,0,0,0.016787609,2.59E-05,0.009958632,7.32E-08,4.84E-06,0,0,#N/A,#N/A
ESP,Spain,2020,46.45922,350.3417447,350341744.7,7.540844308,1607.651123,1443.238739,282.6001256,-40.69553598,67.74161911,0,160.4382424,7555.553235,0,64.72109375,1220.32564,0.016742324,45.87254238,8.130712254,35.95617967,0,21.38354775,-3.649,40.227
LKA,Sri Lanka,2020,21.084042,31.57135725,31571357.25,1.497405348,96.3555603,184.7076644,17.92070675,4.163999875,13.6506505,0,26.93384379,148.0828975,0,13.39270215,33.46594495,0.000408854,9.164542747,0.003604269,0.013153136,0,0,80.704,7.612
SDN,Sudan,2020,43.541204,130.3291055,130329105.5,2.993236143,87.84849548,115.5533142,17.17747641,197.4999987,113.1516291,0,128.3458856,139.4940413,0,14.71783008,6.647905691,0.000174845,2.217752002,0.000712517,0.012149564,0,0,30.05,13.832
SUR,Suriname,2020,0.577752,2.95685792,2956857.92,5.117867043,4.730971813,4.095117028,1.867420197,4.631000042,1.089437723,0,2.726315495,14.39381206,0,0.063385288,0.956109555,2.03E-05,0.202616506,0.000150442,0.00078184,0,0,-55.912,4.127
SWZ,Swaziland,2020,1.439295,3.179018081,3179018.081,2.208732804,5.285554409,7.895122238,1.161645234,0.300399989,2.017372847,0,2.835787521,21.13030334,0,0.845796265,1.453550606,3.03E-05,0.30230381,0.001011509,0.010431676,0,0,31.497,-26.562
SWE,Sweden,2020,10.121686,55.11627055,55116270.55,5.445364591,615.5568848,422.0260464,44.26978207,-42.22974555,10.84648848,0,-7.232077324,1445.196675,0,45.55127344,504.8329417,0.005496772,10.12127731,6.125757296,14.01478787,0,0,15.27,62.011
CHE,Switzerland,2020,8.670535,47.58091013,47580910.13,5.48765562,679.053833,377.2715753,38.05551052,-1.211007893,9.525399605,0,-17.78209518,1189.066497,0,66.92989063,562.0446691,0.005762551,8.651369131,6.047622381,19.72160114,0,2.555416218,7.908,46.861
SYR,Syria,2020,18.924442,89.8525885,89852588.5,4.747965013,86.1558609,141.1982558,68.94458326,-1.724000017,20.90800524,0,84.46793468,312.0598852,0,-3.621453369,24.75908382,0.000474723,6.676285686,0.002987648,0.034286335,0,0,38.506,35.013
TWN,Taiwan,2020,23.817904,287.7788041,287778804.1,12.08245714,535.7024536,535.7024536,258.6134084,0,29.16539574,0,214.7663473,3990.901066,0,22.03180078,359.9088977,0.006436944,22.10201537,1.309871032,12.01930843,0,0,120.946,23.754
TJK,Tajikistan,2020,9.475246,10.9507759,10950775.9,1.155724706,9.943174362,23.52058817,2.77414151,0,8.176634391,0,10.8667176,7.259134713,0,-5.270271484,0.146267007,7.41E-06,0.166362951,1.99E-10,1.07E-09,0,0,69.42,38.665
TZA,Tanzania,2020,62.774616,96.94892931,96948929.31,1.544397011,60.67709351,148.92524,15.2712032,225.5999947,81.67772611,0,96.63737728,19.74262746,0,7.392762207,1.262792525,2.75E-05,1.291345451,2.00E-08,1.85E-07,0,0,34.823,-6.27
THA,Thailand,2020,69.410864,382.0426324,382042632.4,5.504075448,464.8787842,773.1273281,278.909317,7.365699768,103.1333154,0,334.9134026,2816.0729,0,-33.39796875,208.1751532,0.00415502,37.85698408,0.106760374,1.238642622,0,0,100.844,15.7
TLS,Timor-Leste,2020,1.3814,1.594725674,1594725.674,1.154427157,1.469882846,4.409648538,0.4325121,6.766999841,1.162213574,0,1.574935993,1.069502681,0,-0.084315506,0.098780353,1.74E-06,0.088307546,1.84E-08,1.43E-07,0,0,125.878,-8.822
TGO,Togo,2020,8.384291,10.43167377,10431673.77,1.244192713,5.224280357,8.8765599,4.681121508,6.534999887,5.750552257,0,10.43123693,0.02812283,0,1.349462036,0.001726154,3.85E-08,0.002133732,5.62E-13,4.92E-12,0,0,1.081,8.799
TON,Tonga,2020,0.111037,0.256043717,256043.717,2.305931509,0.45495519,0.538009246,0.129402004,0,0.126641713,0,0.242373715,0.726460997,0,0.309847656,0.069472851,1.21E-06,0.018715177,1.01E-05,6.00E-05,0,0,-175.185,-21.202
TTO,Trinidad and Tobago,2020,1.377729,87.781051,87781051,63.71430884,22.73441887,33.60569182,61.8851757,-0.081599999,25.8958753,0,75.00232804,1162.628611,0,2.174113037,16.29139342,0.001126601,1.080899706,0.068075769,7.763431796,0,0,-61.253,10.468
TUN,Tunisia,2020,11.903136,44.8402466,44840246.6,3.767095209,55.28766251,112.9376402,30.98450057,-0.40069999,13.85574603,0,40.06527498,286.2484602,0,-0.058980442,20.99765149,0.000420972,5.643059736,0.002481366,0.023030054,0,0,9.596,35.383
TUR,Turkey,2020,83.835752,521.935084,521935084,6.225686197,1308.014282,1632.987365,425.867953,-49.79605707,96.06713104,0,388.3874559,5431.631367,0,30.08803711,846.2812056,0.011773862,63.71536711,3.010011313,28.56774552,0,0,35.179,39.061
TKM,Turkmenistan,2020,6.031195,119.4416275,119441627.5,19.80397376,49.4364357,92.49163703,64.53937721,0.0003828,54.90225029,0,111.5370466,563.5028333,0,-3.042983643,25.74040983,0.000696886,5.399375397,0.000177798,0.002576169,0,0,59.384,39.122
TUV,Tuvalu,2020,0.011499,0.020742731,20742.731,1.803872598,0.041688535,0.083377071,0.010944418,-0.0015848,0.009798313,0,0.018424686,0.125379053,0,0.024565617,0.01156009,2.04E-07,0.003893214,5.33E-07,2.70E-06,0,0,179.219,-8.514
UGA,Uganda,2020,47.187704,52.3644863,52364486.3,1.10970617,33.92992401,75.27017584,6.394294977,25.91999976,45.97019132,0,52.12821291,16.11004465,0,2.558845459,0.843195954,2.08E-05,0.608171129,1.95E-06,2.66E-05,0,0,32.386,1.28
UKR,Ukraine,2020,43.579236,339.9405728,339940572.8,7.800517035,140.2577515,284.3311134,232.9708138,-30.54551506,106.969759,0,309.5112893,2806.555532,0,-41.76810938,34.9652432,0.002682715,12.48195898,0.001496755,0.037458684,0,0,31.388,49.016
ARE,United Arab Emirates,2020,9.81317,342.3220129,342322012.9,34.8839379,422.0124207,451.0690493,287.6852366,-0.213000004,54.63677629,0,263.1082076,4697.991928,0,-10.64524512,353.4384401,0.006983669,9.62626183,2.776866601,81.31570247,0,0,54.163,23.549
GBR,United Kingdom,2020,67.590904,509.0722656,509072265.6,7.531668249,2937.631836,2636.348888,413.9564056,-15.21228377,95.11585999,0,134.1089989,15278.70062,0,183.0233438,2373.271933,0.033057613,67.21079894,20.10136962,90.8008119,0,0,-1.6,53
USA,United States,2020,335.466848,6718.63448,6718634480,20.02771517,18631.31641,16853.49171,5525.992065,-743.0138346,1192.642415,0,3567.588204,168780.6524,0,766.1681875,15880.68535,0.277803392,321.6012997,125.9350035,2509.335495,0,594.7198094,-98.606,39.622
URY,Uruguay,2020,3.494387,44.47896012,44478960.12,12.7286875,54.72910309,60.14082407,7.50831612,-14.89999978,36.970644,0,36.27443823,522.4526723,0,4.15156543,32.99892701,0.000723329,2.581769795,0.111851658,1.957669712,0,0,-56.012,-32.8
UZB,Uzbekistan,2020,33.235824,284.6937891,284693789.1,8.565871245,78.8739624,157.7133424,142.5382118,-8.849000216,142.1555773,0,280.5896353,311.7693935,0,-22.8685,11.43368837,0.000361832,5.352952656,0.000106973,0.003381788,0,0,63.17,41.75
VUT,Vanuatu,2020,0.293934,0.74401849,744018.49,2.531243374,0.90027976,1.250062894,0.143004278,-0.019800001,0.601014212,0,0.71655541,1.764344719,0,0.298187225,0.108894697,2.42E-06,0.037631173,5.18E-06,4.13E-05,0,0,166.899,-15.376
VEN,Venezuela,2020,33.17239,196.2141113,196214111.3,5.914982651,263.8886108,212.015922,112.84526,35.06039842,83.36885134,0,159.4087428,3036.932572,0,-19.84303906,78.28291309,0.003244845,8.789950483,0.211595804,3.11963447,0,0,-66.166,7.125
VNM,Vietnam,2020,98.360152,395.7202555,395720255.5,4.023176535,209.1399536,491.1258919,226.3643964,-12.04400023,169.3558591,0,390.5201954,294.6775924,0,23.83833008,24.58287811,0.000458449,16.55658588,4.90E-06,5.77E-05,0,0,105.314,21.491
YEM,Yemen,2020,30.245304,49.55420748,49554207.48,1.638409965,24.29384995,44.6158825,30.91599814,0,18.63820934,0,49.43251823,11.437466,0,-1.984467285,0.118315396,1.07E-05,0.109151823,4.81E-09,5.77E-08,0,0,48.355,15.807
ZMB,Zambia,2020,18.679274,38.99144634,38991446.34,2.087417655,32.00840378,35.80162838,5.001073996,350.6999995,33.99037234,0,38.19983845,61.60257521,0,4.095944336,2.057559879,6.98E-05,0.548951054,0.000707714,0.012065835,0,0,26.32,-14.614
ZWE,Zimbabwe,2020,17.680464,29.2221113,29222111.3,1.652790973,15.37014198,46.11042595,12.45557777,36.89999803,16.76653353,0,25.72221544,311.80607,0,-1.628523315,5.128054516,0.000308559,1.282016892,0.006555806,0.402767049,0,0,29.872,-19
WORLD,World,2020,7786.429762,51135.89279,51135892790,6.567309326,87130.81904,98242.81845,38028.72382,2773.262769,13107.16897,0,39793.17212,587848.9546,0,4.52E-05,59147.9014,1,3049.664928,412.6040377,5716.813981,0,1061.38455,#N/A,#N/A
HIGH_INCOME,High Income,2020,1205.862212,16603.49778,16603497780,13.76898423,54016.13721,46877.46076,13685.94337,-1311.341211,2917.55441,0,8791.013597,374733.772,0,2755.362218,43773.38574,0.688766338,1167.389623,365.5948142,4154.982468,0,1061.38455,#N/A,#N/A
UPPER_MID_INCOME,Upper Middle Income,2020,2712.60405,25224.185,25224185000,9.298882008,24773.91864,34897.06002,18969.38639,681.362514,6254.798606,0,21964.32538,198250.2796,0,-2806.452561,14050.36361,0.287396623,1329.535557,46.86448394,1559.011969,0,0,#N/A,#N/A
LOWER_MID_INCOME,Lower Middle Income,2020,3135.830698,8235.46419,8235464190,2.626246435,7828.634941,15282.07787,5158.503058,2686.418713,3076.961132,0,7975.301349,14023.18191,0,1.369699711,1302.319461,0.022936547,540.5992968,0.137925033,2.399948138,0,0,#N/A,#N/A
LOW_INCOME,Low Income,2020,732.132802,1072.745828,1072745828,1.465233937,512.1282464,1186.219795,214.8910071,716.8227529,857.8548205,0,1062.531793,841.721138,0,49.72068922,21.83258843,0.000900492,12.14045148,0.006814528,0.419595454,0,0,#N/A,#N/A
ANNEX_1,Annex I,2020,1339.505984,17473.39953,17473399530,13.04465955,52890.20192,46268.20163,13712.09313,-1984.986981,3761.306402,0,9715.438135,383695.474,0,2141.630668,42303.05114,0.683959486,1214.927297,351.8002343,3900.753535,0,1061.38455,#N/A,#N/A
ANNEX_2,Annex II,2020,954.947838,12939.49152,12939491520,13.54994587,47853.54877,39455.3856,10667.46322,-1122.63468,2272.028295,0,6095.703223,320446.0599,0,2283.294441,39132.93167,0.60336391,935.5568613,344.0808407,3774.274281,0,1058.589203,#N/A,#N/A
NON_ANNEX_1,Non-Annex I,2020,6446.923778,33662.49326,33662493260,5.221481503,34240.61712,51974.61681,24316.63069,4758.24975,9345.862566,0,30077.73399,204153.4807,0,-2141.630623,16844.85025,0.316040514,1834.737631,60.80380342,1816.060446,0,0,#N/A,#N/A
EIT,EITs,2020,411.6401225,4982.888069,4982888069,12.10496207,4235.565545,6020.795733,3214.628236,-854.1521552,1768.259833,0,4138.658901,62579.59036,0,-217.3664537,2508.054282,0.07442916,254.6993854,4.780111812,103.0892293,0,1.934376667,#N/A,#N/A
LDC,LDCs,2020,1075.390564,1673.849106,1673849106,1.556503434,1086.507967,2231.298332,354.2189228,1502.031554,1319.630183,0,1659.081098,962.2915044,0,132.2090139,57.19551643,0.001301981,30.77987633,0.007154206,0.107861424,0,0,#N/A,#N/A
EU15,EU 15,2020,410.686084,3481.222967,3481222967,8.476603184,18045.85926,14766.20576,2836.053587,-231.3471958,645.1693802,0,1245.965707,89591.13702,0,1170.789904,14297.56658,0.197065354,406.5416783,128.5513007,588.3735063,0,37.29482093,#N/A,#N/A
EU13,EU 13,2020,103.8629366,946.9357292,946935729.2,9.117166914,1767.626079,2390.133116,737.4085242,-110.8630725,209.527205,0,687.7266182,14873.61718,0,50.70361987,1206.804116,0.022852464,96.26688443,2.024916332,14.07739319,0,2.782156956,#N/A,#N/A
EU28,EU 28,2020,514.5490206,4428.158696,4428158696,8.605902487,19813.48534,17156.33888,3573.462111,-342.2102683,854.6965852,0,1933.692325,104464.7542,0,1221.493524,15504.3707,0.219917817,502.8085627,130.576217,602.4508995,0,40.07697788,#N/A,#N/A
OECD_NA,OECD North America,2020,506.940084,8186.410111,8186410111,16.14867392,21997.98779,20240.49521,6628.245911,-768.0925213,1558.1642,0,4555.895549,194562.0193,0,843.7753857,18287.11159,0.320074404,433.7892332,144.6282006,2717.802737,0,735.5887451,#N/A,#N/A
OECD,OECD,2020,1320.270712,15825.79343,15825793430,11.98677914,53927.18777,47231.04587,12984.26848,-1326.149938,2841.524953,0,8187.267277,361398.6831,0,2591.326288,43300.88165,0.673429804,1211.040092,359.2929849,3922.984395,0,1060.52358,#N/A,#N/A
OECD_EUROPE,OECD Europe,2020,577.9092089,4807.510097,4807510097,8.318798218,21866.89169,18812.31248,3906.431195,-365.5511519,901.0789023,0,2115.199029,109324.8412,0,1333.353226,17078.72796,0.237360255,550.8087823,143.8378397,676.2285597,0,44.00300897,#N/A,#N/A
OECD_PACIFIC,OECD Pacific,2020,208.235222,2629.77142,2629771420,12.62885017,9441.240417,7551.03994,2294.767564,-136.5479933,335.0038557,0,1385.472668,54558.94048,0,432.4616934,7487.488444,0.109700202,206.6387214,67.89805245,499.7892589,0,280.9318256,#N/A,#N/A
EE_EURASIA,Eastern Europe and Eurasia,2020,411.6401225,4982.888069,4982888069,12.10496207,4235.565545,6020.795733,3214.628236,-854.1521552,1768.259833,0,4138.658901,62579.59036,0,-217.3664537,2508.054282,0.07442916,254.6993854,4.780111812,103.0892293,0,1.934376667,#N/A,#N/A
ASIA,Non-OECD Asia,2020,4009.7422,22441.90712,22441907120,5.596845383,20405.73268,33281.471,17388.34484,1340.509111,5053.56228,0,20501.66668,104575.9818,0,-2191.17199,9713.031474,0.171056001,1162.162506,33.42055945,1308.633613,0,0,#N/A,#N/A
AFRICA,Africa,2020,1349.135351,3092.275644,3092275644,2.29204256,2659.725061,4494.416538,1436.324912,1691.615886,1655.950732,0,2915.467754,12687.68655,0,-72.59526644,567.3660308,0.015587785,134.1708329,0.862518942,28.64035337,0,0,#N/A,#N/A
MIDDLE_EAST,Middle East,2020,263.423735,2948.684237,2948684237,11.19369231,3011.510982,3982.024161,2377.407723,28.10053538,571.2765144,0,2461.521874,30984.34107,0,-124.6795376,1963.159198,0.04294934,146.3444546,9.729571855,253.5315932,0,0.847780289,#N/A,#N/A
LATIN_AMERICA,Latin America,2020,659.085768,3464.969262,3464969262,5.25723575,6148.955894,7426.200861,1858.547771,1789.013877,1606.421491,0,2776.254256,39436.04836,0,84.35784745,3214.807571,0.060718678,300.679172,11.27377911,172.1101734,0,0,#N/A,#N/A
NON_OECD,Non-OECD,2020,6466.15905,35310.09936,35310099360,5.460753298,33203.63126,51011.77258,25044.45534,4099.412707,10265.64402,0,31605.90484,226450.2716,0,-2591.326243,15847.01974,0.326570196,1838.624836,53.31105288,1793.829586,0,0.8609699,#N/A,#N/A
ASEAN,ASEAN,2020,667.634926,2749.257936,2749257936,4.117906102,3218.177522,5027.877831,1643.460295,1525.735675,1105.797641,0,2520.052458,11828.944,0,245.8668287,1200.236892,0.020207275,196.9608813,2.87712069,44.38189099,0,0,#N/A,#N/A
CPA,Centrally Planned Asia,2020,1575.838974,15596.42262,15596422620,9.897218484,12921.65954,19441.31469,12651.42395,-281.7737579,2944.998671,0,14039.72345,85585.50542,0,-2447.762769,7623.76734,0.137242133,662.6706126,29.22216105,1252.156683,0,0,#N/A,#N/A
SSA,Sub Saharan Africa,2020,1147.940424,2194.823357,2194823357,1.911966258,1899.660723,3128.518131,826.5623605,1691.206187,1368.260996,0,2069.060964,9142.646625,0,-43.46391561,391.6940819,0.011087498,71.70280275,0.851228961,28.36002015,0,0,#N/A,#N/A
NAMER,USA and Canada,2020,373.070052,7455.909092,7455909092,19.98527904,20629.84912,18376.77656,6103.715693,-778.4575214,1352.193399,0,3989.691586,185262.3062,0,774.7463545,17509.33441,0.305589603,359.1116282,142.3204504,2686.259897,0,735.5887451,#N/A,#N/A
WEU,Western Europe,2020,510.815933,4122.090241,4122090241,8.069619553,20615.42569,17126.53778,3358.251121,-301.9370926,763.8391201,0,1625.267689,97830.22574,0,1317.554305,16196.49362,0.220125544,486.4623464,142.3725262,664.9146723,0,42.92960221,#N/A,#N/A
MAF,Middle East and Africa,2020,1612.559086,6040.959882,6040959882,3.74619444,5671.236043,8476.440699,3813.732636,1719.716422,2227.227246,0,5376.989628,43672.02763,0,-197.274804,2530.525229,0.058537125,280.5152875,10.5920908,282.1719466,0,0.847780289,-63.041,18.094
PAS,Other Pacific Asia,2020,633.381478,3343.96714,3343967140,5.279546776,5007.534509,6948.944816,2330.0596,1516.108929,1013.90754,0,2822.529692,27119.78031,0,447.2002941,2709.464321,0.045971109,253.335284,9.486811601,103.8503307,0,0,#N/A,#N/A
OECD90,OECD 1990 members,2020,1038.895341,13461.98735,13461987350,12.95798222,49175.53196,41102.34188,11093.7582,-1172.414776,2368.229152,0,6483.24426,325893.04,0,2313.237201,39992.34422,0.615261831,999.3836079,347.172652,3803.147234,0,1058.602393,#N/A,#N/A
MEA,Middle East and North Africa,2020,466.334403,3846.018428,3846018428,8.247340113,3768.101055,5347.438053,2985.88058,23.63073502,860.137848,0,3308.012844,34517.5558,0,-153.5117751,2137.91137,0.047431793,208.6418683,9.740711434,253.8111454,0,0.847780289,#N/A,#N/A
JPAUNZ,JPAUNZ,2020,156.728246,1895.433629,1895433629,12.09375896,7974.446228,5641.928322,1641.394039,-92.5479933,254.0395899,0,874.7421077,43012.6944,0,227.6053027,6317.192594,0.089986481,155.4625494,62.60302911,452.3841565,0,280.9318256,#N/A,#N/A
SAS,South Asia,2020,1852.028724,4235.855145,4235855145,2.287143331,3943.33282,8800.323111,3060.23481,62.17393938,1175.620335,0,4150.144101,3416.942167,0,14.24687616,550.0956614,0.00755648,297.3327815,0.006610139,0.031701553,0,0,#N/A,#N/A
,,,,,,,,,,,,,,,,,,,,,,,,,
<--- END DATA TABLE --->,,,,,,,,,,,,,,,,,,,,,,,,,
